<?xml version="1.0" encoding="UTF-8"?>

<beans xmlns="http://www.springframework.org/schema/beans"
		xmlns:xsi="http://www.w3.org/2001/XMLSchema-instance"
		xmlns:context="http://www.springframework.org/schema/context"
		xmlns:p="http://www.springframework.org/schema/p"
		xmlns:util="http://www.springframework.org/schema/util"
		xsi:schemaLocation="http://www.springframework.org/schema/beans
		http://www.springframework.org/schema/beans/spring-beans.xsd
		http://www.springframework.org/schema/context
		http://www.springframework.org/schema/context/spring-context.xsd
		
		http://www.springframework.org/schema/util
		http://www.springframework.org/schema/util/spring-util.xsd">
		
		
		<!-- Standalone list -->
		<util:list list-class="java.util.Vector" id="mybestfriends">
			<value>Maulik</value>
			<value>Radhey</value>
			<value>Divya</value>
		
		</util:list>
		
		<!-- Standalone map -->
		<util:map map-class="java.util.HashMap" id="fees">
			<entry key="Spring Framework" value="8000"/>	
			<entry key="Django Framework" value="100000"/>
			<entry key="Hybernate Framework" value="1000"/>
		
		</util:map>
		<!-- Standalone properties -->
		<util:properties id="dbconfig">
			<prop key="driver">com.mysql</prop>
			<prop key="username">Admin</prop>
		
		
		</util:properties>
		
		
		<bean class="com.springcore.standalone.collections.Person" name="person1">
			<!--< property name="friends">
				<ref bean="mybestfriends"/>
			
			</property> -->
			<property name="friends" ref="mybestfriends"/>
			<property name="feestructure" ref="fees"/>
			<property name="properties" ref="dbconfig"/>
		
		
		</bean>

</beans>