<?xml version="1.0" encoding="UTF-8"?>
<project-private xmlns="http://www.netbeans.org/ns/project-private/1">
    <editor-bookmarks xmlns="http://www.netbeans.org/ns/editor-bookmarks/2" lastBookmarkId="0"/>
    <open-files xmlns="http://www.netbeans.org/ns/projectui-open-files/2">
        <group>
            <file>file:/D:/BookStore/web/footer.jsp</file>
            <file>file:/D:/BookStore/web/Search.jsp</file>
            <file>file:/D:/BookStore/web/Discounts.jsp</file>
            <file>file:/D:/BookStore/src/java/Discounts.java</file>
            <file>file:/D:/BookStore/web/style.css</file>
            <file>file:/D:/BookStore/web/index.jsp</file>
            <file>file:/D:/BookStore/src/java/DataConection.java</file>
            <file>file:/D:/BookStore/web/Login.jsp</file>
            <file>file:/D:/BookStore/web/Request.jsp</file>
            <file>file:/D:/BookStore/src/java/Home.java</file>
            <file>file:/D:/BookStore/src/java/Search.java</file>
            <file>file:/D:/BookStore/src/java/Contact_Us.java</file>
            <file>file:/D:/BookStore/src/java/subscribe.java</file>
            <file>file:/D:/BookStore/src/java/Book_Diteils.java</file>
            <file>file:/D:/BookStore/src/java/Registion.java</file>
            <file>file:/D:/BookStore/src/java/FeavoretBoook.java</file>
            <file>file:/D:/BookStore/web/Header.jsp</file>
            <file>file:/D:/BookStore/src/java/UserLogin.java</file>
            <file>file:/D:/BookStore/src/java/CartServlet.java</file>
        </group>
    </open-files>
</project-private>
